unique_description,transaction_description,segment,type,sub_type,category,sub_category,country_used
11588845,CITY:RIYADH BSF                   RIYADH 11588845 مدى ***9149 12:49:26 RIYADH         12:49:26 البنك السعودي الفرنسي,Personal,Expenses,Transfer,Cash Withdraw,,Saudi Arabia
11588850,CITY:RIYADH 11588850 مدى ***9149 19:53:53 RIYADH         19:53:53 البنك الأهلي التجاري,Personal,Expenses,Transfer,Cash Withdraw,,Saudi Arabia
/PAYROLL/ RIBLSARI 2029586,/PAYROLL/ RIBLSARI 2029586 EXTN98023271E857,Personal,Income,Transfer,Salary,Hayat Ipdaeia To SNB Mustafa,Saudi Arabia
00359001 /KIB-TEK,00359001 /KIB-TEK /FATURA NO:044608761 /K:00464,Personal,Expenses,Direct,Utilities,Electricity Invoice,Turkey
0221378 İŞCEP DÖVIZ SATIŞ,6821-0221378 İŞCEP DÖVIZ SATIŞ / 27.01120 T,Personal,Expenses,Transfer,Own Accounts,IS Bank Mustafa USD To IS Bank Mustafa 78 TRY,Turkey
6821-0233849 İŞCEP DÖVIZ SATIŞ,6821-0233849 İŞCEP DÖVIZ SATIŞ,Personal,Income,Transfer,Own Accounts,IS Bank Mustafa USD To IS Bank Mustafa 78 TRY,Turkey
A1,BGR Sofia A1 BULGARIA LTD,Personal,Expenses,Direct,Utilities,Phone Invoice,Bulgaria
AANI AND DANI,شركة اني وداني AANI AND DANI T CITY:0000682016SAM RIYADH MADA ***9149 VAT CHRG:     0.00 Charges:              0.00 صراف  الي دولي,Personal,Expenses,Direct,Fun & Vacation,Food,Saudi Arabia
Abar-Gas Statio,محطة ابار      Abar-Gas Statio CITY:0000682016SAM RIYADH MADA ***9149 VAT CHRG:     0.00 Charges:              0.00,Personal,Expenses,Direct,Transportation,Petrol,Saudi Arabia
ABDULAZIZ EST,مؤسسة عبدالعزيزABDULAZIZ EST CITY:0000682016SAM RIYADH MADA ***9149 VAT CHRG:     0.00 Charges:              0.00,Personal,Expenses,Direct,Groceries,,Saudi Arabia
Abdullah Al Obe,مؤسسة عبدالله اAbdullah Al Obe CITY:0000682016SAM RIYADH MADA ***9149 VAT CHRG:     0.00 Charges:              0.00 البنك السعودي الهولندي,Personal,Expenses,Direct,Groceries,,Saudi Arabia
ABIAT MODRENCOM,شركة ابيات الحدABIAT MODRENCOM CITY:0000682016SAM JEDDAH MADA ***9149 VAT CHRG:     0.00 Charges:              0.00,Personal,Expenses,Direct,Housing,Home Stuff,Saudi Arabia
Abu Bakar1 Stat,محطة ابو بكر1  Abu Bakar1 Stat CITY:0000682016SAM RIYADH MADA ***9149 VAT CHRG:     0.00 Charges:              0.00,Personal,Expenses,Direct,Transportation,Petrol,Saudi Arabia
ADAM PHARMACY,ADAM PHARMACY~~RIYADH~ SAU682,Personal,Expenses,Direct,Body Care & Medicine,Pharmacy,Saudi Arabia
AFIK CONSTRUCTION,AFIK CONSTRUCTION LTD ISKELE 4386,Personal,Expenses,Direct,Fun & Vacation,Food,Turkey
afnan,afnan9423~~RIYADH~ SAU682,Personal,Expenses,Direct,Utilities,Phone Invoice,Saudi Arabia
Ahmed AlEnezi,مؤسسة أحمد العنAhmed AlEnezi e CITY:0000682016SAM RIYADH MADA ***9149 VAT CHRG:     0.00 Charges:              0.00,Business,Expenses,Direct,Side Hustle,Wood And Resin,Saudi Arabia
AHMET SIFIROGLU LASTIK,TUR GAZIMAGUSA AHMET SIFIROGLU LASTIK,Personal,Expenses,Direct,Transportation,Service,Turkey
AIN ALGHAITH TR,شركة عين الغيث AIN ALGHAITH TR CITY:0000682016SAM RIYADH MADA ***9149 VAT CHRG:     0.00 Charges:              0.00,Personal,Expenses,Direct,Groceries,,Saudi Arabia
Airport Termina CITY:0000682016SAM RIYADH,Airport TerminaAirport Termina CITY:0000682016SAM RIYADH MADA ***9149 VAT CHRG:     0.00 Charges:              0.00,Personal,Expenses,Direct,Groceries,,Saudi Arabia
AKTAN,اكتان          AKTAN CITY:JEDH682016JED RIYADH MADA ***9149 VAT CHRG:     0.00 Charges:              0.00,Personal,Expenses,Direct,Clothing,,Saudi Arabia
AL HATAB BAKERY,AL HATAB BAKERY~~RIYADH~ SAU682,Personal,Expenses,Direct,Groceries,,Saudi Arabia
Al Homidan,الحميدان لدهاناAl Homidan For CITY:0000682016SAM RIYADH MADA ***9149 VAT CHRG:     0.00 Charges:              0.00 بنك الجزيرة,Personal,Expenses,Direct,Housing,Home Improvements,Saudi Arabia
Al Mawarid Food,شركة الموارد للAl Mawarid Food CITY:0000682016SAM RIYADH MADA ***9149 VAT CHRG:     0.00 Charges:              0.00,Personal,Expenses,Direct,Fun & Vacation,Food,Saudi Arabia
Al Nahdi,شركة النهدي الطAl Nahdi Medica CITY:0000682016SAM RIYADH MADA ***9149 VAT CHRG:     0.00 Charges:              0.00,Personal,Expenses,Direct,Body Care & Medicine,Pharmacy,Saudi Arabia
Al Shaalan Rest,مطعم الشعلان   Al Shaalan Rest CITY:0000682016SAM RIYADH MADA ***9149 VAT CHRG:     0.00 Charges:              0.00,Personal,Expenses,Direct,Fun & Vacation,Food,Saudi Arabia
ALBaik,البيك          ALBaik CITY:0000682016SAM RIYADH MADA ***9149 VAT CHRG:     0.00 Charges:              0.00,Personal,Expenses,Direct,Fun & Vacation,Food,Saudi Arabia
Aldo CITY:0000682016SAM,الدو           Aldo CITY:0000682016SAM RIYADH MADA ***9149 VAT CHRG:     0.00 Charges:              0.00,Personal,Expenses,Direct,Clothing,,Saudi Arabia
ALDREES,الدريس للخدمات ALDREES PETROLU CITY:JEDH682016JED RIYADH MADA ***9149 VAT CHRG:     0.00 Charges:              0.00,Personal,Expenses,Direct,Transportation,Petrol,Saudi Arabia
ALHAMAYDEH GAS,ALHAMAYDEH GAS ONAMMAN CITY:0000682016BNE ***9149 JOD:            93.50 JOR :ALHAMAYDEH GA AMMAN 3.87 MC*9149 VAT CHRG:     0.22 Charges:              1.48,Personal,Expenses,Direct,Transportation,Petrol,Jordan
AlinmaPay CITY:0000682016SAM Riyadh MADA ***9149,AlinmaPay CITY:0000682016SAM Riyadh MADA ***9149 VAT CHRG:     0.00 Charges:              0.00,Personal,Expenses,Transfer,Own Accounts,SNB Mustafa SR To Alinma Pay Mustafa SR,Saudi Arabia
ALJAZERA MARKET,اسواق الجزيره  ALJAZERA MARKET CITY:JEDH682016JED RIYADH MADA ***9149 VAT CHRG:     0.00 Charges:              0.00,Personal,Expenses,Direct,Groceries,,Saudi Arabia
Alkhalij Statio,شركة بترول الريAlkhalij Statio CITY:0000682016SAM RIYADH MADA ***9149 VAT CHRG:     0.00 Charges:              0.00,Personal,Expenses,Direct,Transportation,Petrol,Saudi Arabia
Alkrt Althamnt,مؤسسة الكرة الثAlkrt Althamnt CITY:0000682016SAM RIYADH MADA ***9149 VAT CHRG:     0.00 Charges:              0.00,Business,Expenses,Direct,Side Hustle,Wood And Resin,Saudi Arabia
ALLTERCOROB,ALLTERCOROB~103 Cherni vruh blvd~35314369001~1415 BGR100,Personal,Expenses,Direct,Housing,Home Improvements,Syria
ALNADWA JUMAH,مؤسسة جمعه الندALNADWA JUMAH E CITY:0000682016SAM MAKKAH MADA ***9149 VAT CHRG:     0.00 Charges:              0.00,Personal,Expenses,Direct,Fun & Vacation,Food,Saudi Arabia
Alpha Al Gharb,شركة الفا الغربAlpha Al Gharb CITY:0000682016SAM RIYADH MADA ***9149 VAT CHRG:     0.00 Charges:              0.00 البنك الأهلي التجاري,Personal,Expenses,Direct,Clothing,,Saudi Arabia
ALREEM ALSAHABI,شركة الريم الذهALREEM ALSAHABI CITY:JEDH682016JED RIYADH MADA ***9149 VAT CHRG:     0.00 Charges:              0.00,Personal,Expenses,Direct,Fun & Vacation,Food,Saudi Arabia
ALROMAIZAN,ALROMAIZAN 109 FOR GOL~~RIYADH~ SAU682,Personal,Expenses,Direct,Housing,Gift,Saudi Arabia
Alshira Restaur,مطاعم الشراع   Alshira Restaur CITY:0000682016SAM RIYADH MADA ***9149 VAT CHRG:     0.00 Charges:              0.00,Personal,Expenses,Direct,Fun & Vacation,Food,Saudi Arabia
Amazon SA,Amazon SA CITY:0000682016SAM Riyadh MADA ***9149 VAT CHRG:     0.00 Charges:              0.00,Personal,Expenses,Direct,Housing,Home Stuff,Saudi Arabia
Annab Group,شركة مجموعة عنAnnab Group Con CITY:0000682016SAM RIYADH MADA ***9149 VAT CHRG:     0.00 Charges:              0.00,Business,Expenses,Direct,Side Hustle,Wood And Resin,Saudi Arabia
Apparel Trading,سكتيشرز        Apparel Trading CITY:0000682016SAM RIYADH MADA ***9149 VAT CHRG:     0.00 Charges:              0.00,Personal,Expenses,Direct,Clothing,,Saudi Arabia
APPLE.COM,APPLE.COM/BILL 4386,Personal,Expenses,Direct,Subscriptions,Apple Icloud,General
ARAB CORNER,ركن العرب      ARAB CORNER CITY:JEDH682016JED MAKKAH MADA ***9149 VAT CHRG:     0.00 Charges:              0.00,Personal,Expenses,Direct,Fun & Vacation,Food,Saudi Arabia
ARMAGAN DONER,ARMAGAN DONER GAZIMAGUSA 4386,Personal,Expenses,Direct,Fun & Vacation,Food,Turkey
ASTRAS CAFE,مقهى استراس لتقASTRAS CAFE CITY:JEDH682016JED RIYADH MADA ***9149 VAT CHRG:     0.00 Charges:              0.00,Personal,Expenses,Direct,Fun & Vacation,Coffee Shop,Saudi Arabia
ATAM DIGITAL,شركة اتم التحوATAM DIGITAL SO CITY:0000682016SAM RIYADH MADA ***9149 VAT CHRG:     0.00 Charges:              0.00,Personal,Expenses,Direct,Groceries,,Saudi Arabia
AYON ALDAR CONT,مؤسسة عيون الداAYON ALDAR CONT CITY:0000682016SAM RIYADH MADA ***9149 VAT CHRG:     0.00 Charges:              0.00 بنك الجزيرة,Business,Expenses,Direct,Side Hustle,Wood And Resin,Saudi Arabia
AZADEA COMPANY,شركة أزاديا المAZADEA COMPANY CITY:0000682016SAM RIYADH MADA ***9149 VAT CHRG:     0.00 Charges:              0.00,Personal,Expenses,Direct,Clothing,,Saudi Arabia
BAKLAVA SANATI,TUR GAZIMAGUSA BAKLAVA SANATI,Personal,Expenses,Direct,Fun & Vacation,Coffee Shop,Turkey
BaklavacIGUllUo,BaklavacIGUllUo  ISTANBUL CITY:0000682016BNE ***9149 TRY:           670.00 TUR :BaklavacIGUll ISTANBUL 3.87 MC*9149 VAT CHRG:     0.40 Charges:              2.65,Personal,Expenses,Direct,Fun & Vacation,Coffee Shop,Turkey
Bath and Body,باث اند بودي ورBath and Body W CITY:0000682016SAM RIYADH MADA ***9149 VAT CHRG:     0.00 Charges:              0.00,Personal,Expenses,Direct,Body Care & Medicine,Pharmacy,Saudi Arabia
BEADOUR AL BINA,شركة بدور البناBEADOUR AL BINA CITY:0000682016SAM RIYADH MADA ***9149 VAT CHRG:     0.00 Charges:              0.00 البنك الأهلي التجاري,Business,Expenses,Direct,Side Hustle,Wood And Resin,Saudi Arabia
Bershka,بيرشكا الأندلس Bershka Andulus CITY:0000682016SAM JEDDAH MADA ***9149 VAT CHRG:     0.00 Charges:              0.00,Personal,Expenses,Direct,Clothing,,Saudi Arabia
BEST FISH,أفضل سمك وبطاطاBEST FISH AND C CITY:JEDH682016JED RIYADH MADA ***9149 VAT CHRG:     0.00 Charges:              0.00,Personal,Expenses,Direct,Fun & Vacation,Food,Saudi Arabia
BILLA,BGR SOFIA BILLA 145 04,Personal,Expenses,Direct,Groceries,,Bulgaria
BLVD WORLD,بوليفارد العالمBLVD WORLD CITY:0000682016SAM RIYADH MADA ***9149 VAT CHRG:     0.00 Charges:              0.00,Personal,Expenses,Direct,Fun & Vacation,Fun,Saudi Arabia
BOLT.EU,BOLT.EU/R/24062  Tallinn CITY:0000682016BNE ***9149 Tallinn 3.87 MC*9149 VAT CHRG:     0.05 Charges:              0.30,Personal,,Direct,Transportation,Scooter,Bulgaria
BSİV,BSİV ( 0.44 TL KARSILIGI; KUR 27.44170),Personal,Expenses,Direct,Government,Tax,Turkey
BSMV,"BSMV H2301212882717 13,59 TRY ÜZ.",Personal,Expenses,Direct,Government,Tax,Turkey
BUDS ROAD,BUDS ROAD~~RIYADH~ SAU682,Personal,Expenses,Direct,Fun & Vacation,Food,Saudi Arabia
BURGAS FLA,BGR BURGAS FLAT OOD,Personal,Expenses,Direct,Fun & Vacation,Food,Bulgaria
BURGER KING,BURGER KING KKTC 4386,Personal,Expenses,Direct,Fun & Vacation,Food,Turkey
BURGERIZZR,مطعم بيت الشطيرBURGERIZZR CITY:0000682016SAM JEDDAH MADA ***9149 VAT CHRG:     0.00 Charges:              0.00,Personal,Expenses,Direct,Fun & Vacation,Food,Saudi Arabia
Canton,كانتون         Canton CITY:0000682016SAM RIYADH MADA ***9149 VAT CHRG:     0.00 Charges:              0.00,Personal,Expenses,Direct,Fun & Vacation,Food,Saudi Arabia
CARIBOU COFFE,CARIBOU COFFE~~RIYADH~ SAU682,Personal,Expenses,Direct,Fun & Vacation,Coffee Shop,Saudi Arabia
Centrepoint,Centrepoint 21050 Gall~~RIYADH~ SAU682,Personal,Expenses,Direct,Clothing,,Saudi Arabia
CH/KKH VİRMAN /5406****1317,CH/KKH VİRMAN /5406****1317 0143/39299295*MUH.HESABINA AKTARM,Personal,Expenses,Transfer,Own Accounts,IS Bank Mustafa 78 TRY To IS Bank Credit Mustafa TRY,Turkey
CINNABON,سينابون        CINNABON CITY:0000682016SAM RIYADH MADA ***9149 VAT CHRG:     0.00 Charges:              0.00,Personal,Expenses,Direct,Fun & Vacation,Coffee Shop,Saudi Arabia
Cinnbaon Kiosk,الاتحاد المبتكرCinnbaon Kiosk CITY:0000682016SAM RIYADH MADA ***9149 VAT CHRG:     0.00 Charges:              0.00,Personal,Expenses,Direct,Fun & Vacation,Coffee Shop,Saudi Arabia
CITY:Digital Channel,CITY:Digital Channel,Personal,Expenses,Direct,Government,Tax,Saudi Arabia
COFFEE MOMENTS,كوفي لحظات مختلCOFFEE MOMENTS CITY:JEDH682016JED RIYADH MADA ***9149 VAT CHRG:     0.00 Charges:              0.00,Personal,Expenses,Direct,Fun & Vacation,Coffee Shop,Saudi Arabia
Commercial Reco,مؤسسة جهز الاعمCommercial Reco CITY:0000682016SAM RIYADH MADA ***9149 VAT CHRG:     0.00 Charges:              0.00,Personal,Expenses,Direct,Groceries,,Saudi Arabia
COMPANY CAR,شركة فاهم للسياCOMPANY CAR CITY:0000682016SAM RIYADH MADA ***9149 VAT CHRG:     0.00 Charges:              0.00,Personal,Expenses,Direct,Transportation,Car Accessories,Saudi Arabia
Company Dafaat,شركة دفعات النقCompany Dafaat CITY:0000682016SAM RIYADH MADA ***9149 VAT CHRG:     0.00 Charges:              0.00,Personal,Expenses,Direct,Fun & Vacation,Food,Saudi Arabia
CONTACT OPTIMUM,شركة الإتصال الCONTACT OPTIMUM CITY:JEDH682016JED RIYADH MADA ***9149 VAT CHRG:     0.00 Charges:              0.00,Personal,Expenses,Direct,Groceries,,Saudi Arabia
CORTADO ESPRESSO,TUR KIBRIS CORTADO ESPRESSO BAR,Personal,Expenses,Direct,Fun & Vacation,Coffee Shop,Turkey
CREDIT CARD PAYMENT,CREDIT CARD PAYMENT,Personal,Expenses,Transfer,Own Accounts,SNB Mustafa SR To SNB Credit Mustafa SR,Saudi Arabia
DANKIN DONUTS,DANKIN DONUTS~~RIYADH~ SAU682,Personal,Expenses,Direct,Fun & Vacation,Coffee Shop,Saudi Arabia
Dar AlSallal,Dar AlSallal Sweets Fa~~RIYADH~ SAU682,Personal,Expenses,Direct,Fun & Vacation,Coffee Shop,Saudi Arabia
DARALHEAYAM,شركة دار الهيامDARALHEAYAM CITY:0000682016SAM RIYADH MADA ***9149 VAT CHRG:     0.00 Charges:              0.00,Business,Expenses,Direct,Side Hustle,Wood And Resin,Saudi Arabia
DAYATNA,DAYATNA~~RIYADH~ SAU682,Personal,Expenses,Direct,Fun & Vacation,Food,Saudi Arabia
DEBIT SCHEDULED PYMT XFER,DEBIT SCHEDULED PYMT XFER 21534892207281340 1004990302 TO CK-0000000010592240,Personal,Expenses,Direct,Government,Tax,Bulgaria
DELTA CO,شركة دلتا للمختDELTA CO CITY:JEDH682016JED RIYADH MADA ***9149 VAT CHRG:     0.00 Charges:              0.00 بنك الرياض,Personal,Expenses,Direct,Groceries,,Saudi Arabia
DENIZ PLAZA,TUR KIBRIS DENIZ PLAZA,Personal,Expenses,Direct,Housing,Book Store,Turkey
Development & I,شركة تطوير وانجDevelopment & I CITY:0000682016SAM RIYADH MADA ***9149 VAT CHRG:     0.00 Charges:              0.00,Business,Expenses,Direct,Side Hustle,Wood And Resin,Saudi Arabia
DHL,DHL ADC~~Khobar~ SAU682,Personal,Expenses,Direct,Government,Tax,Saudi Arabia
Distinguished,خدمات الطالب الDistinguished S CITY:0000682016SAM RIYADH MADA ***9149 VAT CHRG:     0.00 Charges:              0.00,Personal,Expenses,Direct,Housing,Book Store,Saudi Arabia
Diversity Baske,موسسة سله التنوDiversity Baske CITY:0000682016SAM RIYADH MADA ***9149 VAT CHRG:     0.00 Charges:              0.00,Personal,Expenses,Direct,Groceries,,Saudi Arabia
Doka,دوكا           DOKA CITY:0000682016SAM RIYADH MADA ***9149 VAT CHRG:     0.00 Charges:              0.00,Personal,Expenses,Direct,Fun & Vacation,Coffee Shop,Saudi Arabia
DOUNA FOR MEALS,شركة دونة لتقديDOUNA FOR MEALS CITY:0000682016SAM RIYADH MADA ***9149 VAT CHRG:     0.00 Charges:              0.00,Personal,Expenses,Direct,Fun & Vacation,Food,Saudi Arabia
DUNKIN DONUTS,دانكن دونتس    DUNKIN DONUTS CITY:0000682016SAM RIYADH MADA ***9149 VAT CHRG:     0.00 Charges:              0.00 البنك العربي الوطني,Personal,Expenses,Direct,Fun & Vacation,Coffee Shop,Saudi Arabia
DURMA,دورما          DURMA CITY:0000682016SAM RIYADH MADA ***9149 VAT CHRG:     0.00 Charges:              0.00,Personal,Expenses,Direct,Fun & Vacation,Coffee Shop,Saudi Arabia
DURMAZ COMPUTER,TUR GAZIMAGUSA DURMAZ COMPUTER,Personal,Expenses,Direct,Housing,Electronics,Turkey
ELIT UNLU,ELIT UNLU MAMULLERI MAGUSA 4386,Personal,Expenses,Direct,Fun & Vacation,Food,Turkey
EMBIYA KARAKAS,EMBIYA KARAKAS KIBRIS 4386,Personal,Expenses,Direct,Fun & Vacation,Food,Turkey
eski kebap,ايسكي كباب     eski kebap CITY:0000682016SAM RIYADH MADA ***9149 VAT CHRG:     0.00 Charges:              0.00,Personal,Expenses,Direct,Fun & Vacation,Food,Saudi Arabia
EZIC MAGUSA,EZIC MAGUSA POINT GAZIMAGUSA 4386,Personal,Expenses,Direct,Fun & Vacation,Food,Turkey
FAISAL SALIH,مؤسسه فيصل صالحFAISAL SALIH AL CITY:0000682016SAM MAKKAH MADA ***9149 VAT CHRG:     0.00 Charges:              0.00,Personal,Expenses,Direct,Groceries,,Saudi Arabia
Famous corner,مقهى ركن مشهور Famous corner c CITY:0000682016SAM RIYADH MADA ***9149 VAT CHRG:     0.00 Charges:              0.00,Personal,Expenses,Direct,Fun & Vacation,Coffee Shop,Saudi Arabia
FAMOUS PIZZA,FAMOUS PIZZA RESTURANT~~KHOBAR~ SAU682,Personal,Expenses,Direct,Fun & Vacation,Food,Saudi Arabia
FATEMAH ALHOWAI,فاطمة الحويطي  FATEMAH ALHOWAI CITY:0000682016SAM RIYADH MADA ***9149 VAT CHRG:     0.00 Charges:              0.00,Personal,Expenses,Direct,Groceries,,Saudi Arabia
Fatima Dhafer,مؤسسة فاطمه ظافFatima Dhafer M CITY:0000682016SAM RIYADH MADA ***9149 VAT CHRG:     0.00 Charges:              0.00,Personal,Expenses,Direct,Groceries,,Saudi Arabia
Fatima Yahya,مؤسسة فاطمه يحيFatima Yahya Ib CITY:0000682016SAM RIYADH MADA ***9149 VAT CHRG:     0.00 Charges:              0.00,Personal,Expenses,Direct,Fun & Vacation,Food,Saudi Arabia
FIKRET TAT TAKSI,TUR GAZIMAGUSA FIKRET TAT TAKSI,Personal,Expenses,Direct,Transportation,Taxi,Turkey
FIVE SAVING,شركة خمسة التوفFIVE SAVING Co. CITY:0000682016SAM RIYADH MADA ***9149 VAT CHRG:     0.00 Charges:              0.00,Personal,Expenses,Direct,Housing,Home Stuff,Saudi Arabia
FLOWER TERRACE,شركة شرفة الزهوFLOWER TERRACE CITY:0000682016SAM RIYADH MADA ***9149 VAT CHRG:     0.00 Charges:              0.00,Personal,Expenses,Direct,Housing,Gift,Saudi Arabia
Flyadeal,Flyadeal CITY:0000682016SAM Jeddah MADA ***9149 VAT CHRG:     0.00 Charges:              0.00,Personal,Expenses,Direct,Transportation,Plane Ticket,General
Food Gate,شركة بوابة الغذFood Gate Co CITY:0000682016SAM RIYADH MADA ***9149 VAT CHRG:     0.00 Charges:              0.00 بنك الرياض,Personal,Expenses,Direct,Fun & Vacation,Food,Saudi Arabia
FOOK ALOWASF,فوق الوصف      FOOK ALOWASF CITY:JEDH682016JED RIYADH MADA ***9149 VAT CHRG:     0.00 Charges:              0.00,Personal,Expenses,Direct,Groceries,,Saudi Arabia
GAZIMAGUSA LC WAKIKI,TUR GAZIMAGUSA LC WAKIKI,Personal,Expenses,Direct,Clothing,,Turkey
GIVE ME 5,قيف مي 5       GIVE ME 5 CITY:0000682016SAM RIYADH MADA ***9149 VAT CHRG:     0.00 Charges:              0.00 صراف ألي دولي,Personal,Expenses,Direct,Fun & Vacation,Food,Saudi Arabia
Global Selectio,شركة اختيارت عاGlobal Selectio CITY:0000682016SAM RIYADH MADA ***9149 VAT CHRG:     0.00 Charges:              0.00,Personal,Expenses,Direct,Clothing,,Saudi Arabia
GLORIA JEANS,TUR LEFKOSA GLORIA JEANS ERCAN,Personal,Expenses,Direct,Fun & Vacation,Coffee Shop,Turkey
Gulf Street,مؤسسة شارع الخلGulf Street Con CITY:0000682016SAM RIYADH MADA ***9149 VAT CHRG:     0.00 Charges:              0.00,Personal,Expenses,Direct,Groceries,,Saudi Arabia
HAKLIGIL,HAKLIGIL BENZIN ISTASYONUKKTC 4386,Personal,Expenses,Direct,Transportation,Petrol,Turkey
Half Million,هاف مليون      Half Million CITY:0000682016SAM RIYADH MADA ***9149 VAT CHRG:     0.00 Charges:              0.00,Personal,Expenses,Direct,Fun & Vacation,Coffee Shop,Saudi Arabia
HAMADA RESTAURANT,HAMADA RESTAURANT-ALAB~ALABDALI-OPPS. TO ~AMMAN~11190 AMM400,Personal,Expenses,Direct,Fun & Vacation,Food,Jordan
HARDEES,هارديز العليا  HARDEES EL OLYA ,Personal,Expenses,Direct,Fun & Vacation,Food,Saudi Arabia
Hassan Mohamed,موسسه حسن محمد Hassan Mohamed CITY:0000682016SAM HAFR ALBATIN MADA ***9149 VAT CHRG:     0.00 Charges:              0.00 بنك الرياض,Business,Expenses,Direct,Side Hustle,Wood And Resin,Saudi Arabia
HAZAM ALRIYADH,مؤسسة حزم الرياHAZAM ALRIYADH CITY:0000682016SAM RIYADH MADA ***9149 VAT CHRG:     0.00 Charges:              0.00,Business,Expenses,Direct,Side Hustle,Wood And Resin,Saudi Arabia
Herfy,Herfy 1158~~RIYADH~ SAU682,Personal,Expenses,Direct,Fun & Vacation,Food,Saudi Arabia
HOMAS ALS ALNAQ,مطعم حمص  اصل اHOMAS ALS ALNAQ CITY:0000682016SAM RIYADH MADA ***9149 VAT CHRG:     0.00 Charges:              0.00,Personal,Expenses,Direct,Fun & Vacation,Food,Saudi Arabia
HOME BOX,HOME BOX-29031~~RIYADH~ SAU682,Personal,Expenses,Direct,Housing,Home Stuff,Saudi Arabia
HOOLA LOOPS,مؤسسة حلقات هولHOOLA LOOPS EST CITY:0000682016SAM JEDDAH MADA ***9149 VAT CHRG:     0.00 Charges:              0.00,Personal,Expenses,Direct,Fun & Vacation,Coffee Shop,Saudi Arabia
hungerstation,hungerstation    Dubai CITY:0000682016BNE ***9149 Dubai 3.87 MC*9149 VAT CHRG:     0.21 Charges:              1.43,Personal,Expenses,Direct,Fun & Vacation,Food,Saudi Arabia
HUNGRY HOUSE,TUR GIRNE HUNGRY HOUSE FAST,Personal,Expenses,Direct,Fun & Vacation,Food,Turkey
hzbr,هزبر  hzbr,Personal,Expenses,Direct,Fun & Vacation,Food,Saudi Arabia
IKEA,ايكيا          IKEA CITY:JEDH682016JED RIYADH MADA ***9149 VAT CHRG:     0.00 Charges:              0.00,Personal,Expenses,Direct,Housing,Home Stuff,Saudi Arabia
IMCIM SAN,IMCIM SAN GIRNE 4386,Personal,Expenses,Direct,Fun & Vacation,Food,Turkey
INGATE,INGATE HOTEL GAZIMAGUSA 4386,Personal,Expenses,Direct,Fun & Vacation,Coffee Shop,Turkey
İNTERAKTİF/5406********1317 İŞCEP KRE.KART BORÇ ÖDEME,İNTERAKTİF/5406********1317 İŞCEP KRE.KART BORÇ ÖDEME,Personal,Expenses,Transfer,Own Accounts,IS Bank Mustafa 78 TRY To IS Bank Credit Mustafa TRY,Turkey
Izdihar Al,شركة ازدهار الرIzdihar Al Riya ,Personal,Expenses,Direct,Groceries,,Saudi Arabia
J.CO,جي كو          J.CO CITY:0000682016SAM RIYADH MADA ***9149 VAT CHRG:     0.00 Charges:              0.00,Personal,Expenses,Direct,Fun & Vacation,Coffee Shop,Saudi Arabia
JARIR,مكتبة جرير     JARIR BOOKSTORE,Personal,Expenses,Direct,Housing,Book Store,Saudi Arabia
JO PETROL,"JO PETROL - ABDOUN 2~ABDOUN ,AIRPORT ROAD~AMMAN~11183 AMM400",Personal,Expenses,Direct,Transportation,Petrol,Jordan
KAAKAT COMPANY,شركه كعكات للتغKAAKAT COMPANY CITY:0000682016SAM RIYADH MADA ***9149 VAT CHRG:     0.00 Charges:              0.00,Personal,Expenses,Direct,Fun & Vacation,Coffee Shop,Saudi Arabia
KANDALY,KANDALY EST~~RIYADH~ SAU682,Personal,Expenses,Direct,Groceries,,Saudi Arabia
KANER DUTY FREE,TUR LEFKOSA KANER DUTY FREE SHOP,Personal,Expenses,Direct,Groceries,,Turkey
KAYAN ALPHA,شركة كيان الفا KAYAN ALPHA CITY:0000682016SAM RIYADH MADA ***9149 VAT CHRG:     0.00 Charges:              0.00,Personal,Expenses,Direct,Groceries,,Saudi Arabia
KDV İadesi,KDV İadesi: 31.01.2020 / 15 TL 4305,Personal,Income,Direct,Invoice Return,,Turkey
KEMERBURGAZ,TUR ISTANBUL KEMERBURGAZ OFIS VE OKUL,Personal,Expenses,Direct,Transportation,Petrol,Turkey
KHALET ALBUN,مقهى خليط البن KHALET ALBUN CITY:0000682016SAM RIYADH MADA ***9149 VAT CHRG:     0.00 Charges:              0.00,Personal,Expenses,Direct,Fun & Vacation,Coffee Shop,Saudi Arabia
KIKO,KIKOHyatMa~ALHAYAT Mall king abdull~RIYADH~ SAU682,Personal,Expenses,Direct,Body Care & Medicine,Body Care,Saudi Arabia
KKKTC,KIBRIS MOBILE TELEKOMUNIKKKTC 4386,Personal,Expenses,Direct,Utilities,Phone Invoice,Turkey
KKTC KDV IADE,KKTC KDV IADE DUZELTMESI - IPTAL,Personal,Expenses,Direct,Government,Tax,Turkey
Kwkb Addna Lltj,شركة كوكب عددناKwkb Addna Lltj CITY:0000682016SAM RIYADH MADA ***9149 VAT CHRG:     0.00 Charges:              0.00,Personal,Expenses,Direct,Groceries,,Saudi Arabia
Laila Yahya,مؤسسة ليلى يحيىLaila Yahya Ibn CITY:0000682016SAM RIYADH MADA ***9149 VAT CHRG:     0.00 Charges:              0.00,Personal,Expenses,Direct,Groceries,,Saudi Arabia
Landmark,Landmark CITY:0000682016SAM Riyadh MADA ***9149 VAT CHRG:     0.00 Charges:              0.00,Personal,Expenses,Direct,Clothing,,Saudi Arabia
LAVIDA CAFE AND RESTAURAN,TUR GAZIMAGUSA LAVIDA CAFE AND RESTAURAN,Personal,Expenses,Direct,Fun & Vacation,Food,Turkey
LAZURDE COMPANY,شركة لازوردي للLAZURDE COMPANY CITY:JEDH682016JED RIYADH MADA ***9149 VAT CHRG:     0.00 Charges:              0.00,Personal,Expenses,Direct,Housing,Gift,Saudi Arabia
LC WAKIKI GAZIMAGUSA,LC WAKIKI GAZIMAGUSA 4386,Personal,Expenses,Direct,Clothing,,Turkey
Life Melody,مؤسسة  لحن الحيLife Melody to CITY:0000682016SAM RIYADH MADA ***9149 VAT CHRG:     0.00 Charges:              0.00,Business,Expenses,Direct,Side Hustle,Wood And Resin,Saudi Arabia
Liter Co,Liter Co~~RIYADH~ SAU682,Personal,Expenses,Direct,Transportation,Petrol,Saudi Arabia
LUIT,لويت           LUIT CITY:0000682016SAM RIYADH MADA ***9149 VAT CHRG:     0.00 Charges:              0.00,Personal,Expenses,Direct,Clothing,,Saudi Arabia
LULU SHAWARMA,شاورما اللؤلؤة LULU SHAWARMA CITY:JEDH682016JED RIYADH MADA ***9149 VAT CHRG:     0.00 Charges:              0.00,Personal,Expenses,Direct,Fun & Vacation,Food,Saudi Arabia
MACRO MARKET,TUR GAZIMAGUSA MACRO MARKET MAGUSA AVM,Personal,Expenses,Direct,Groceries,,Turkey
MADHGHOOT TOHAM,مضغوط تهامة    MADHGHOOT TOHAM CITY:0000682016SAM RIYADH MADA ***9149 VAT CHRG:     0.00 Charges:              0.00,Personal,Expenses,Direct,Fun & Vacation,Food,Saudi Arabia
Mahaa Mohamed,مؤسسة مهاء محمدMahaa Mohamed A CITY:0000682016SAM RIYADH MADA ***9149 VAT CHRG:     0.00 Charges:              0.00 بنك الرياض,Personal,Expenses,Direct,Fun & Vacation,Food,Saudi Arabia
MAMA NOURA,شركة ماما نورة MAMA NOURA COMP CITY:0000682016SAM RIYADH MADA ***9149 VAT CHRG:     0.00 Charges:              0.00,Personal,Expenses,Direct,Fun & Vacation,Food,Saudi Arabia
Marzouq Al-Sham,تموينات مرزوق اMarzouq Al-Sham CITY:0000682016SAM RIYADH MADA ***9149 VAT CHRG:     0.00 Charges:              0.00,Personal,Expenses,Direct,Groceries,,Saudi Arabia
McDonalds DOHA,McDonalds Mesaimeer~Mirqab Mall~DOHA~9440 634,Personal,Expenses,Direct,Fun & Vacation,Food,Qatar
MDAR FOOD,شركة مدار الغذاMDAR FOOD CO LT CITY:0000682016SAM RIYADH MADA ***9149 VAT CHRG:     0.00 Charges:              0.00,Personal,Expenses,Direct,Fun & Vacation,Food,Saudi Arabia
MEED,-1019-ميد هاشم MEED 1019 - Has CITY:0000682016SAM RIYADH MADA ***9149 VAT CHRG:     0.00 Charges:              0.00,Personal,Expenses,Direct,Groceries,,Saudi Arabia
Meer Lawnj,شركة مير لاونج Meer Lawnj Kafy CITY:0000682016SAM RIYADH MADA ***9149 VAT CHRG:     0.00 Charges:              0.00,Personal,Expenses,Direct,Fun & Vacation,Coffee Shop,Saudi Arabia
MELEK MARKET,TUR GAZIMAGUSA MELEK MARKET,Personal,Expenses,Direct,Groceries,,Turkey
mhadi est,مؤسسة مهدي     mhadi est CITY:0000682016SAM RIYADH MADA ***9149 VAT CHRG:     0.00 Charges:              0.00,Business,Expenses,Direct,Side Hustle,Wood And Resin,Saudi Arabia
MINI SO,ميني سو        MINI SO CITY:0000682016SAM JEDDAH MADA ***9149 VAT CHRG:     0.00 Charges:              0.00,Personal,Expenses,Direct,Clothing,,Saudi Arabia
MISAAS ALWATNIA,شركة مساس الوطنMISAAS ALWATNIA CITY:0000682016SAM RIYADH MADA ***9149 VAT CHRG:     0.00 Charges:              0.00,Personal,Expenses,Direct,Housing,Gift,Saudi Arabia
MOHAMMED AHMED,مؤسسة محمد احمدMOHAMMED AHMED CITY:JEDH682016JED RIYADH MADA ***9149 VAT CHRG:     0.00 Charges:              0.00,Personal,Expenses,Direct,Groceries,,Saudi Arabia
MOHAMMED SAAD,شركة محمد علي سMOHAMMED SAAD A CITY:0000682016SAM RIYADH MADA ***9149 VAT CHRG:     0.00 Charges:              0.00,Business,Expenses,Direct,Side Hustle,Wood And Resin,Saudi Arabia
MOON Cafe,مون ك?افية     MOON Cafe CITY:0000682016SAM RIYADH MADA ***9149 VAT CHRG:     0.00 Charges:              0.00 البنك الأهلي التجاري,Personal,Expenses,Direct,Fun & Vacation,Coffee Shop,Saudi Arabia
MORR,مور            MORR CITY:JEDH682016JED JEDDAH MADA ***9149 VAT CHRG:     0.00 Charges:              0.00,Personal,Expenses,Direct,Fun & Vacation,Coffee Shop,Saudi Arabia
MOTTO CAFE,MOTTO CAFE BISTRO KIBRIS 4386,Personal,Expenses,Direct,Fun & Vacation,Coffee Shop,Turkey
MR FELAFEL,TUR KIBRIS MR FELAFEL,Personal,Expenses,Direct,Fun & Vacation,Food,Turkey
MSHGAL ALLOZAH,MSHGAL ALLOZAH ALNSAIE~oroba msaed alang~Riyadh~44776655 682,Personal,Expenses,Direct,Clothing,,Saudi Arabia
Mtam Hfyaf Lady,مطاعم خفيف لذيذMtam Hfyaf Lady CITY:0000682016SAM RIYADH MADA ***9149 VAT CHRG:     0.00 Charges:              0.00,Personal,Expenses,Direct,Fun & Vacation,Food,Saudi Arabia
mtam rkn alkakt,مطعم ركن الكعكةmtam rkn alkakt CITY:0000682016SAM RIYADH MADA ***9149 VAT CHRG:     0.00 Charges:              0.00,Personal,Expenses,Direct,Fun & Vacation,Food,Saudi Arabia
muasasat adwa,مؤسسة اضواء الاmuasasat adwa a CITY:0000682016SAM RIYADH MADA ***9149 VAT CHRG:     0.00 Charges:              0.00,Business,Expenses,Direct,Side Hustle,Wood And Resin,Saudi Arabia
MUASASATNUJUMSAMAALJAZ,MUASASATNUJUMSAMAALJAZ~MUASASATNUJUMSAMAAL~YADH~NA 682,Personal,Expenses,Direct,Groceries,,Saudi Arabia
Muhammad AlFaha,مؤسسة محمد الفهMuhammad AlFaha CITY:0000682016SAM RIYADH MADA ***9149 VAT CHRG:     0.00 Charges:              0.00,Business,Expenses,Direct,Side Hustle,Wood And Resin,Saudi Arabia
MUNCH BAKERY,منش بيكري      MUNCH BAKERY CITY:0000682016SAM RIYADH MADA ***9149 VAT CHRG:     0.00 Charges:              0.00,Personal,Expenses,Direct,Fun & Vacation,Coffee Shop,Saudi Arabia
MUSTAFA NASAB 06010000111003727277 RIYADH,CITY:RIYADH شراء بضاعة MUSTAFA NASAB 06010000111003727277 RIYADH         01:37:44 البنك الأهلي التجاري,Personal,Income,Transfer,Cash Deposit,,Saudi Arabia
MY STC,MY STC CITY:JEDH682016JED Riyadh MADA ***9149 VAT CHRG:     0.00 Charges:              0.00,Personal,Expenses,Direct,Utilities,Phone Invoice,Saudi Arabia
NAFT Services,شركة خدمات النفNAFT Services C CITY:0000682016SAM RIYADH MADA ***9149 VAT CHRG:     0.00 Charges:              0.00,Personal,Expenses,Direct,Transportation,Petrol,Saudi Arabia
NAHDI MEDICAL,NAHDI MEDICAL CO~~RIYADH~ SAU682,Personal,Expenses,Direct,Body Care & Medicine,Pharmacy,Saudi Arabia
NATURAL TOUCH,NATURAL TOUCH ALNAKEEL~~RIYADH~ SAU682,Personal,Expenses,Direct,Body Care & Medicine,Body Care,Saudi Arabia
nawader alholay,نوادر الحلي    nawader alholay CITY:0000682016SAM RIYADH MADA ***9149 VAT CHRG:     0.00 Charges:              0.00,Personal,Expenses,Direct,Fun & Vacation,Coffee Shop,Saudi Arabia
NEJOUD TRADING,mhmdia takhasusNEJOUD TRADING CITY:0000682016SAM RIYADH MADA ***9149 VAT CHRG:     0.00 Charges:              0.00,Personal,Expenses,Direct,Groceries,,Saudi Arabia
Netflix.com,NETFLIX.COM      408-724-9160 CITY:0000682016BNE ***9149 408-724-9160 3.87 MC*9149 VAT CHRG:     0.19 Charges:              1.29,Personal,Expenses,Direct,Subscriptions,Netflix,Saudi Arabia
NEVERMIND,NEVERMIND REST,Personal,Expenses,Direct,Fun & Vacation,Food,Saudi Arabia
New Sham Restau,مطعم الشام الجدNew Sham Restau CITY:0000682016SAM RIYADH MADA ***9149 VAT CHRG:     0.00 Charges:              0.00,Personal,Expenses,Direct,Fun & Vacation,Food,Saudi Arabia
N-M & SONS BAKERY,N-M & SONS BAKERY LIMIT GAZIMAGUSA 4386,Personal,Expenses,Direct,Fun & Vacation,Food,Turkey
NWADER ALANDALO,نوادر الاندلس لNWADER ALANDALO CITY:0000682016SAM RIYADH MADA ***9149 VAT CHRG:     0.00 Charges:              0.00,Personal,Expenses,Direct,Clothing,,Saudi Arabia
oasis structura,مؤسسة الواحة الoasis structura CITY:0000682016SAM RIYADH MADA ***9149 VAT CHRG:     0.00 Charges:              0.00,Business,Expenses,Direct,Side Hustle,Wood And Resin,Saudi Arabia
Office SPL,مكتب سبل       Office SPL CITY:0000682016SAM RIYADH MADA ***9149 VAT CHRG:     0.00 Charges:              0.00,Personal,Expenses,Direct,Government,Tax,Saudi Arabia
OPETA ISTANBUL,9000003870 OPETA ISTANBUL CITY:0000682016BNE ***9149 TRY:            93.00 TUR :9000003870 OP ISTANBUL 3.87 MC*9149 VAT CHRG:     0.06 Charges:              0.37,Personal,Expenses,Direct,Fun & Vacation,Food,Turkey
Over Jar,شركة أوفر جار اOver Jar Compan CITY:0000682016SAM RIYADH MADA ***9149 VAT CHRG:     0.00 Charges:              0.00,Personal,Expenses,Direct,Fun & Vacation,Coffee Shop,Saudi Arabia
OVERDOSE,اوفردوز        OVERDOSE CITY:0000682016SAM RIYADH MADA ***9149 VAT CHRG:     0.00 Charges:              0.00,Personal,Expenses,Direct,Fun & Vacation,Coffee Shop,Saudi Arabia
Papparoti,باباروتي -حياة Papparoti hayat CITY:0000682016SAM RIYADH MADA ***9149 VAT CHRG:     0.00 Charges:              0.00,Personal,Expenses,Direct,Fun & Vacation,Coffee Shop,Saudi Arabia
PARA ÇEKME,KAREKOD İLE PARA ÇEKME ** - ATM NO: 11667,Personal,Expenses,Transfer,Cash Withdraw,,Turkey
Paul,بوول المطار    Paul Airport CITY:0000682016SAM RIYADH MADA ***9149 VAT CHRG:     0.00 Charges:              0.00,Personal,Expenses,Direct,Fun & Vacation,Coffee Shop,Saudi Arabia
PERAMACKENZIE,TUR GAZIMAGUSA PERAMACKENZIE,Personal,Expenses,Direct,Body Care & Medicine,Pharmacy,Turkey
PETEK PASTANESI,TUR KIBRIS PETEK PASTANESI,Personal,Expenses,Direct,Fun & Vacation,Coffee Shop,Turkey
PETROLE CO,شركة بترولي    PETROLE CO CITY:0000682016SAM RIYADH MADA ***9149 VAT CHRG:     0.00 Charges:              0.00,Personal,Expenses,Direct,Transportation,Petrol,Saudi Arabia
PETROMIN FUEL,وقود بترومين -1PETROMIN FUEL-1 CITY:0000682016SAM RIYADH MADA ***9149 VAT CHRG:     0.00 Charges:              0.00,Personal,Expenses,Direct,Transportation,Petrol,Saudi Arabia
POD PLUS,بود بلس        POD PLUS CITY:0000682016SAM RIYADH MADA ***9149 VAT CHRG:     0.00 Charges:              0.00,Personal,Expenses,Direct,Groceries,,Saudi Arabia
PREMIUM CHAIN,السلسلة المتميزPREMIUM CHAIN CITY:0000682016SAM RIYADH MADA ***9149 VAT CHRG:     0.00 Charges:              0.00,Personal,Expenses,Direct,Groceries,,Saudi Arabia
PRIVATE CLEAN,مغسلة النظافة اPRIVATE CLEAN L CITY:0000682016SAM RIYADH MADA ***9149 VAT CHRG:     0.00 Charges:              0.00 البنك العربي الوطني,Personal,Expenses,Direct,Clothing,Laundry,Saudi Arabia
Pull  Bear,بول أند بير لوكPull  Bear Loca CITY:0000682016SAM RIYADH MADA ***9149 VAT CHRG:     0.00 Charges:              0.00,Personal,Expenses,Direct,Clothing,,Saudi Arabia
q-Armin,q-Armin CITY:0000682016SAM Riyadh MADA ***9149 VAT CHRG:     0.00 Charges:              0.00,Personal,Expenses,Direct,Clothing,,Saudi Arabia
Raed Foods Comp,شركة رائد الأغذRaed Foods Comp CITY:0000682016SAM DAMMAM MADA ***9149 VAT CHRG:     0.00 Charges:              0.00,Personal,Expenses,Direct,Fun & Vacation,Food,Saudi Arabia
raghad adarat,رغد ادارة وتنشيraghad adarat w CITY:0000682016SAM RIYADH MADA ***9149 VAT CHRG:     0.00 Charges:              0.00 البنك الأهلي التجاري,Personal,Expenses,Direct,Groceries,,Saudi Arabia
RAGHAD Al SUBAI,رغد فهد السبيعيRAGHAD Al SUBAI CITY:0000682016SAM RIYADH MADA ***9149 VAT CHRG:     0.00 Charges:              0.00 البنك السعودي الهولندي,Personal,Expenses,Direct,Groceries,,Saudi Arabia
RED AND BLACK,مركز احمر و اسوRED AND BLACK S CITY:JEDH682016JED RIYADH MADA ***9149 VAT CHRG:     0.00 Charges:              0.00,Personal,Expenses,Direct,Groceries,,Saudi Arabia
Ree Cafe,ري كافي        Ree Cafe CITY:0000682016SAM RIYADH MADA ***9149 VAT CHRG:     0.00 Charges:              0.00 بنك الراجحي,Personal,Expenses,Direct,Fun & Vacation,Coffee Shop,Saudi Arabia
Reem Hamad,مؤسسة ريم حمد حReem Hamad Hamo CITY:0000682016SAM RIYADH MADA ***9149 VAT CHRG:     0.00 Charges:              0.00,Personal,Expenses,Direct,Fun & Vacation,Food,Saudi Arabia
Rehal Alkhalej,رحال الخليج    Rehal Alkhalej CITY:0000682016SAM RIYADH MADA ***9149 VAT CHRG:     0.00 Charges:              0.00,Personal,Expenses,Direct,Groceries,,Saudi Arabia
Riva Gallery,ريفا جاليري    Riva Gallery Ma CITY:0000682016SAM RIYADH MADA ***9149 VAT CHRG:     0.00 Charges:              0.00,Personal,Expenses,Direct,Clothing,,Saudi Arabia
RIYADH AIRPORTS,شركة مطارات الرRIYADH AIRPORTS,Personal,Expenses,Direct,Groceries,,Saudi Arabia
ROHA EST,مؤسسة روها     ROHA EST CITY:0000682016SAM RIYADH MADA ***9149 VAT CHRG:     0.00 Charges:              0.00,Personal,Expenses,Direct,Groceries,,Saudi Arabia
ROTANA OASIS,فندق روش ريحان ROTANA OASIS CITY:0000682016SAM RIYADH MADA ***9149 VAT CHRG:     0.00 Charges:              0.00,Personal,Expenses,Direct,Fun & Vacation,Coffee Shop,Saudi Arabia
SACO,ساكو           SACO CITY:0000682016SAM RIYADH MADA ***9149 VAT CHRG:     0.00 Charges:              0.00 البنك السعودي البريطاني,Personal,Expenses,Direct,Transportation,Petrol,Saudi Arabia
SAFA - NT,شركة مستودع الصSAFA - NT CITY:0000682016SAM RIYADH MADA ***9149 VAT CHRG:     0.00 Charges:              0.00,Personal,Expenses,Direct,Groceries,,Saudi Arabia
SAHAEB TIBAH,مطعم سحائب طيبةSAHAEB TIBAH ES CITY:0000682016SAM RIYADH MADA ***9149 VAT CHRG:     0.00 Charges:              0.00 USCB,Personal,Expenses,Direct,Fun & Vacation,Food,Saudi Arabia
SAHARA,SAHARA CITY:JEDH682016JED DAMMAM MADA ***9149 VAT CHRG:     0.00 Charges:              0.00,Business,Expenses,Direct,Company,General Payments,General
SAHEL MART,سهل مارت # 820 SAHEL MART # 82 CITY:0000682016SAM RIYADH MADA ***9149 VAT CHRG:     0.00 Charges:              0.00,Personal,Expenses,Direct,Groceries,,Saudi Arabia
SAHEL STATION,محطة سهل  303  SAHEL STATION CITY:0000682016SAM RIYADH MADA ***9149 VAT CHRG:     0.00 Charges:              0.00,Personal,Expenses,Direct,Transportation,Petrol,Saudi Arabia
SAKARYA ECZANESI,TUR KIBRIS SAKARYA ECZANESI,Personal,Expenses,Direct,Body Care & Medicine,Pharmacy,Turkey
SALAT ALBASATEN,سلة البساتين   SALAT ALBASATEN CITY:JEDH682016JED RIYADH MADA ***9149 VAT CHRG:     0.00 Charges:              0.00,Personal,Expenses,Direct,Groceries,,Saudi Arabia
SALLA APP,SALLA APP CITY:0000682016SAM Makkah MADA ***9149 VAT CHRG:     0.00 Charges:              0.00 USCB,Personal,Expenses,Direct,Groceries,,Saudi Arabia
salon care time,صالون وقت العناsalon care time CITY:JEDH682016JED RIYADH MADA ***9149 VAT CHRG:     0.00 Charges:              0.00,Personal,Expenses,Direct,Body Care & Medicine,Body Care,Saudi Arabia
SAMA HY,مؤسسة سماء حي لSAMA HY EST CITY:0000682016SAM RIYADH MADA ***9149 VAT CHRG:     0.00 Charges:              0.00,Personal,Expenses,Direct,Groceries,,Saudi Arabia
SAPQA CAFE,TUR GIRNE SAPQA CAFE,Personal,Expenses,Direct,Fun & Vacation,Coffee Shop,Turkey
SARAH ALSHAKHS,سارة الشخص     SARAH ALSHAKHS CITY:0000682016SAM RIYADH MADA ***9149 VAT CHRG:     0.00 Charges:              0.00,Personal,Expenses,Direct,Groceries,,Saudi Arabia
Saraya Al Majd,شركة سرايا المجSaraya Al Majd CITY:0000682016SAM RIYADH MADA ***9149 VAT CHRG:     0.00 Charges:              0.00,Personal,Expenses,Direct,Groceries,,Saudi Arabia
Sasco,ساسكو محطةالسليSasco - As Suli CITY:0000682016SAM RIYADH MADA ***9149 VAT CHRG:     0.00 Charges:              0.00 البنك العربي الوطني,Personal,Expenses,Direct,Transportation,Petrol,Saudi Arabia
saudi french,الشركة السعوديةsaudi french co,Personal,Expenses,Direct,Groceries,,Saudi Arabia
SAUDI RESTAURAN,المطعم السعودي SAUDI RESTAURAN CITY:0000682016SAM RIYADH MADA ***9149 VAT CHRG:     0.00 Charges:              0.00,Personal,Expenses,Direct,Fun & Vacation,Food,Saudi Arabia
SAYILI SUPERMARKET,SAYILI SUPERMARKET KKTC 4386,Personal,Expenses,Direct,Groceries,,Turkey
SBC UWalk,الاتحاد المبتكرSBC UWalk CITY:0000682016SAM RIYADH MADA ***9149 VAT CHRG:     0.00 Charges:              0.00,Personal,Expenses,Direct,Fun & Vacation,Coffee Shop,Saudi Arabia
SBX IST,SBX IST OTG OPE KZEISTANBUL CITY:0000682016BNE ***9149 TRY:            86.00 TUR :SBX IST OTG O ZEISTANBUL 3.86 MC*9149 VAT CHRG:     0.05 Charges:              0.35,Personal,Expenses,Direct,Groceries,,Turkey
SEPHORA%RIYADH,SEPHORA HAYAT MALL~SEPHORA HAYAT MALL~RIYADH~ SAU682,Personal,Expenses,Direct,Clothing,,Saudi Arabia
SERCE MARKET,TUR GAZIMAGUSA SERCE MARKET,Personal,Expenses,Direct,Groceries,,Turkey
SEVEN MOMENTS,شركة اللحظات الSEVEN MOMENTS C CITY:0000682016SAM RIYADH MADA ***9149 VAT CHRG:     0.00 Charges:              0.00 USCB,Personal,Expenses,Direct,Fun & Vacation,Coffee Shop,Saudi Arabia
Sham dreams,احلام الشام    Sham dreams CITY:0000682016SAM RIYADH MADA ***9149 VAT CHRG:     0.00 Charges:              0.00,Personal,Expenses,Direct,Fun & Vacation,Food,Saudi Arabia
SHARKAT NABAT,شركة نباتات الأSHARKAT NABAT A CITY:0000682016SAM RIYADH MADA ***9149 VAT CHRG:     0.00 Charges:              0.00,Personal,Expenses,Direct,Housing,Home Stuff,Saudi Arabia
Shawarmer food,شركة شاورمر    Shawarmer food CITY:0000682016SAM RIYADH MADA ***9149 VAT CHRG:     0.00 Charges:              0.00,Personal,Expenses,Direct,Fun & Vacation,Food,Saudi Arabia
SHAWAYA HOUSE,شركة بيت الشوايSHAWAYA HOUSE C CITY:JEDH682016JED RIYADH MADA ***9149 VAT CHRG:     0.00 Charges:              0.00 بنك الجزيرة,Personal,Expenses,Direct,Fun & Vacation,Food,Saudi Arabia
shawerma house,شركة مطعم بيت اshawerma house CITY:0000682016SAM RIYADH MADA ***9149 VAT CHRG:     0.00 Charges:              0.00,Personal,Expenses,Direct,Fun & Vacation,Food,Saudi Arabia
shein,www.shein.com~Jabel Ali Free Zone~Dubai~0000 784,Personal,,Direct,,,Saudi Arabia
Shumookh Al Fak,شركة شموخ الفاخShumookh Al Fak CITY:0000682016SAM RIYADH MADA ***9149 VAT CHRG:     0.00 Charges:              0.00,Personal,Expenses,Direct,Groceries,,Saudi Arabia
SOFIA AIRPORT,BGR SOFIA AIRPORT T2,Personal,Expenses,Direct,Groceries,,Bulgaria
Sofia binbin tech,BGR Sofia binbin tech,Personal,Expenses,Direct,Transportation,Scooter Rent,Bulgaria
SOFIA MCDONALD,BGR SOFIA MCDONALD S SREDEC,Personal,Expenses,Direct,Fun & Vacation,Food,Bulgaria
SOFIYA BALEVORGANIKKAFE,BGR SOFIYA BALEVORGANIKKAFE,Personal,Expenses,Direct,Fun & Vacation,Coffee Shop,Bulgaria
Specialized Con,شركة المحتوى الSpecialized Con CITY:0000682016SAM RIYADH MADA ***9149 VAT CHRG:     0.00 Charges:              0.00 USCB,Personal,Expenses,Direct,Groceries,,Saudi Arabia
STAR ZON,موسسه ستار زون STAR ZON EST. CITY:0000682016SAM RIYADH MADA ***9149 VAT CHRG:     0.00 Charges:              0.00 USCB,Business,Expenses,Direct,Side Hustle,Wood And Resin,Saudi Arabia
STC CHANNELS,STC CHANNELS COMPANY~~RIYADH~ SAU682,Personal,Expenses,Direct,Utilities,Phone Invoice,Saudi Arabia
STC Pay,STC Pay CITY:0000682016SAM Riyadh MADA ***9149 VAT CHRG:     0.00 Charges:              0.00,Personal,Expenses,Transfer,Own Accounts,SNB Mustafa SR To STC Pay Mustafa SR,Saudi Arabia
STC~STC,STC~STC Riyadh ~Riyadh~NA 682,Personal,Expenses,Direct,Utilities,Phone Invoice,Saudi Arabia
STORY OF INK,مؤسسة قصة حبر لSTORY OF INK ES CITY:JEDH682016JED JEDDAH MADA ***9149 VAT CHRG:     0.00 Charges:              0.00,Personal,Expenses,Direct,Groceries,,Saudi Arabia
SUBWAY,صب واي         SUBWAY CITY:0000682016SAM JEDDAH MADA ***9149 VAT CHRG:     0.00 Charges:              0.00,Personal,Expenses,Direct,Fun & Vacation,Food,Saudi Arabia
Sulaymaniyah Na,مخابز السليمانيSulaymaniyah Na CITY:0000682016SAM RIYADH MADA ***9149 VAT CHRG:     0.00 Charges:              0.00,Personal,Expenses,Direct,Groceries,,Saudi Arabia
SUVARI,SUVARI-GAZIMAGUSA GAZIMAGUSA 4386,Personal,Expenses,Direct,Clothing,,Turkey
SWEET DELICIOUS,الذ الحلوى     SWEET DELICIOUS CITY:JEDH682016JED RIYADH MADA ***9149 VAT CHRG:     0.00 Charges:              0.00,Personal,Expenses,Direct,Fun & Vacation,Coffee Shop,Saudi Arabia
TALILA MAZAJ,تعليله مزاج    TALILA MAZAJ CITY:JEDH682016JED RIYADH MADA ***9149 VAT CHRG:     0.00 Charges:              0.00,Personal,Expenses,Direct,Groceries,,Saudi Arabia
TAMER MARKET,TAMER MARKET     Istanbul CITY:0000682016BNE ***9149 TRY:            34.00 TUR :TAMER MARKET Istanbul 3.86 MC*9149 VAT CHRG:     0.02 Charges:              0.10,Personal,Expenses,Direct,Groceries,,Turkey
Tamimi,إس131 أسواق التS131 Tamimi Mar CITY:JEDH682016JED RIYADH MADA ***9149 VAT CHRG:     0.00 Charges:              0.00 البنك السعودي الهولندي,Personal,Expenses,Direct,Groceries,,Saudi Arabia
TAMWANT SALMAN,تموينات سلمان  TAMWANT SALMAN CITY:JEDH682016JED RIYADH MADA ***9149 VAT CHRG:     0.00 Charges:              0.00,Personal,Expenses,Direct,Groceries,,Saudi Arabia
TAVUK DUNYASI,TUR GAZIMAGUSA TAVUK DUNYASI MAGUSA,Personal,Expenses,Direct,Fun & Vacation,Food,Turkey
TEKANT MARKET,TUR KKTC TEKANT MARKET,Personal,Expenses,Direct,Groceries,,Turkey
Tim Hortons,تيم هورتنز     Tim Hortons CITY:0000682016SAM RIYADH MADA ***9149 VAT CHRG:     0.00 Charges:              0.00,Personal,Expenses,Direct,Fun & Vacation,Coffee Shop,Saudi Arabia
Tiqmo CITY,Tiqmo CITY:0000682016SAM Riyadh MADA ***9149 VAT CHRG:     0.00 Charges:              0.00 USCB,Personal,Expenses,Transfer,Own Accounts,SNB Mustafa SR To Tiqmo Mustafa SR,Saudi Arabia
TOLAITAH,مقهى طليطلة لTOLAITAH CITY:0000682016SAM RIYADH MADA ***9149 VAT CHRG:     0.00 Charges:              0.00,Personal,Expenses,Direct,Fun & Vacation,Coffee Shop,Saudi Arabia
TRANSFER 11100372727708,TRANSFER 11100372727708,Personal,Expenses,Transfer,Own Accounts,,Saudi Arabia
Transfered by DİLARA İŞLEKDEMİR,Transfered by DİLARA İŞLEKDEMİR*DİLARA İŞLEKDEMİR*H2301217114605,Personal,Income,Transfer,Family Accounts,,Turkey
Transfered by MOHAMAD SAHLABJI,Transfered by MOHAMAD SAHLABJI*MOHAMAD SAHLABJI*H2301184527254,Personal,Income,Debt,Debts Owed,,Turkey
Transfered by RASIL SAHLABJI,Transfered by RASIL SAHLABJI*RASIL SAHLABJI*H2301224064914,Personal,Income,Debt,Debts Owed,,Turkey
TUANA KUAFOR,TUANA KUAFOR GAZIMAGUSA 4386,Personal,Expenses,Direct,Body Care & Medicine,Body Care,Turkey
tula kafe,tula kafe        Istanbul CITY:0000682016BNE ***9149 TRY:          1628.00 TUR :tula kafe Istanbul 3.87 MC*9149 VAT CHRG:     0.97 Charges:              6.47,Personal,Expenses,Direct,Fun & Vacation,Coffee Shop,Turkey
TUR ISTANBUL F4 01 MAIN WEST,TUR ISTANBUL F4 01 MAIN WEST,Personal,Expenses,Direct,Groceries,,Turkey
TUR LEFKOSA TURK HAVA YOLLARI,TUR LEFKOSA TURK HAVA YOLLARI,Personal,Expenses,Direct,Groceries,,Turkey
TURKISH AIRLINE, TURKISH AIRLINE,Personal,Expenses,Direct,Transportation,Plane Ticket,General
UBR,UBR* PENDING.UBM Amsterdam CITY:0000682016BNE ***9149 Amsterdam 3.87 MC*9149 VAT CHRG:     0.42 Charges:              2.82,Personal,Expenses,Direct,Transportation,Taxi,Saudi Arabia
ÜCRET,"ÜCRET H2310127628417 100,00 TRY ÜZ.",Personal,Expenses,Direct,Government,Tax,Turkey
UNCLE OSAKA,UNCLE OSAKA TO SERVE M~Central~Riyadh~44776655 682,Personal,Expenses,Direct,Fun & Vacation,Coffee Shop,Saudi Arabia
UNIFREE,UNIFREE IST 850  Istanbul CITY:0000682016BNE ***9149 TRY:            10.94 TUR :UNIFREE IST 8 Istanbul 3.85 MC*9149 VAT CHRG:     0.01 Charges:              0.03,Personal,Expenses,Direct,Groceries,,Turkey
UPSCAE BRANDS,شركة علامات راقUPSCAE BRANDS ,Personal,Expenses,Direct,Groceries,,Saudi Arabia
Vidro,فيدرو          Vidro CITY:0000682016SAM RIYADH MADA ***9149 VAT CHRG:     0.00 Charges:              0.00,Personal,Expenses,Direct,Fun & Vacation,Coffee Shop,Saudi Arabia
WASHNA,وشنة كرز       WASHNA KARAZ CITY:JEDH682016JED RIYADH MADA ***9149 VAT CHRG:     0.00 Charges:              0.00,Personal,Expenses,Direct,Fun & Vacation,Food,Saudi Arabia
Watsons,Watsons Nakheel Mall~Nakheel Mall~RIYADH~ SAU682,Personal,Expenses,Direct,Body Care & Medicine,Pharmacy,Saudi Arabia
Webook,Webook CITY:JEDH682016JED riyadh MADA ***9149 VAT CHRG:     0.00 Charges:              0.00,Personal,Expenses,Direct,Fun & Vacation,Fun,Saudi Arabia
White Mustache,مقهى الشنب الأبWhite Mustache CITY:0000682016SAM RIYADH MADA ***9149 VAT CHRG:     0.00 Charges:              0.00,Personal,Expenses,Direct,Fun & Vacation,Coffee Shop,Saudi Arabia
Whites,وايتس          Whites CITY:0000682016SAM RIYADH MADA ***9149 VAT CHRG:     0.00 Charges:              0.00 صراف ألي دولي,Personal,Expenses,Direct,Body Care & Medicine,Pharmacy,Saudi Arabia
WONDERFUL MEALS,شركة الوجبات الWONDERFUL MEALS CITY:0000682016SAM RIYADH MADA ***9149 VAT CHRG:     0.00 Charges:              0.00,Personal,Expenses,Direct,Fun & Vacation,Food,Saudi Arabia
World of Al Feb,مؤسسة عالم الفيWorld of Al Feb CITY:0000682016SAM RIYADH MADA ***9149 VAT CHRG:     0.00 Charges:              0.00 بنك الرياض,Personal,Expenses,Direct,Groceries,,Saudi Arabia
Wraps Arabia,شركة اللفائف الWraps Arabia Co CITY:0000682016SAM RIYADH MADA ***9149 VAT CHRG:     0.00 Charges:              0.00,Personal,Expenses,Direct,Fun & Vacation,Food,Saudi Arabia
YEMEKSEPETI,YEMEKSEPETI        ISTANBUL CITY:0000682016BNE ***9149 TRY:           420.00 TUR :YEMEKSEPETI ISTANBUL 3.87 MC*9149 VAT CHRG:     0.22 Charges:              1.47,Personal,Expenses,Direct,Fun & Vacation,Food,Turkey
YOLSAL TICARET,YOLSAL TICARET KIBRIS 4386,Personal,Expenses,Direct,Transportation,Car Rent,Turkey
YVES ROCHER,YVES ROCHER~Riyadh Gallery Mall~RIYADH~ SAU682,Personal,Expenses,Direct,Clothing,,Saudi Arabia
ZABITLER PETROL,TUR GAZIMAGUSA ZABITLER PETROL,Personal,Expenses,Direct,Transportation,Petrol,Turkey
ZAIN%AMMAN,ZAIN             AMMAN CITY:0000682016BNE ***9149 JOD:           161.24 JOR :ZAIN AMMAN 3.87 MC*9149 VAT CHRG:     0.38 Charges:              2.56,Personal,Expenses,Direct,Utilities,Phone Invoice,Jordan
Zara,زارا حياة مال  Zara Hayat Mall CITY:0000682016SAM RIYADH MADA ***9149 VAT CHRG:     0.00 Charges:              0.00,Personal,Expenses,Direct,Clothing,,Saudi Arabia
ПАРИЧЕН ПРЕВОД,ПАРИЧЕН ПРЕВОД,Personal,Expenses,Direct,Government,Tax,Bulgaria
РАЗНОСКИ OUR SWIFT OSW0905230000918 20230509029982108629,РАЗНОСКИ OUR SWIFT OSW0905230000918 20230509029982108629,Personal,Expenses,Direct,Government,Tax,Bulgaria
ТАКСА,АВТ.ТАКСА ОБСЛУЖВАНЕ,Personal,Expenses,Direct,Government,Tax,Bulgaria
ТЕГЛЕНЕ НА КАСА,ТЕГЛЕНЕ НА КАСА,Personal,Expenses,Transfer,Cash Withdraw,,Bulgaria
اسواق الجزيره  ,اسواق الجزيره  ,Personal,Expenses,Direct,Groceries,,Saudi Arabia
الأستقدام,095-الأستقدام-2140197118,Personal,Expenses,Direct,Government,Tax,Saudi Arabia
الشركة السعودية للكهرباء,002-الشركة السعودية للكهرباء-30056037582,Personal,Expenses,Direct,Utilities,Electricity Invoice,Saudi Arabia
المخالفات المرورية,093-المخالفات المرورية-2076216635,Personal,Expenses,Direct,Transportation,Car Traffic Ticket,Saudi Arabia
ايكيا,ايكيا,Personal,Expenses,Direct,Housing,Home Improvements,Saudi Arabia
إدارة الأجانب,090-إدارة الأجانب-2291572515,Personal,Expenses,Direct,Government,Tax,Saudi Arabia
برجر كنج,برجر كنج       BK  23593 CITY:0000682016SAM RIYADH MADA ***9149 VAT CHRG:     0.00 Charges:              0.00,Personal,Expenses,Direct,Fun & Vacation,Food,Saudi Arabia
بوبا العربية,130-بوبا العربية-1712494,Personal,Expenses,Direct,Government,Insurance,Saudi Arabia
خدمات المقيمين,090-خدمات المقيمين-3184288359,Personal,Expenses,Direct,Government,Tax,Saudi Arabia
رخص القيادة,091-رخص القيادة-2203677253,Personal,Expenses,Direct,Government,Tax,Saudi Arabia
شركة اصول الغذا,شركة اصول الغذاOsool Food Beve CITY:0000682016SAM RIYADH MADA ***9149 VAT CHRG:     0.00 Charges:              0.00,Personal,Expenses,Direct,Fun & Vacation,Food,Saudi Arabia
شركة الاتصالات السعودية,001-شركة الاتصالات السعودية-05051388773,Personal,Expenses,Direct,Utilities,Phone Invoice,Saudi Arabia
شركة المياه الوطنية,138-شركة المياه الوطنية-7530915190,Personal,Expenses,Direct,Utilities,Water Invoice,Saudi Arabia
شركة النحلات,شركة النحلات الTHREE BEES CO CITY:0000682016SAM RIYADH MADA ***9149 VAT CHRG:     0.00 Charges:              0.00,Personal,Expenses,Direct,Fun & Vacation,Coffee Shop,Saudi Arabia
شركة ماما نورة,شركة ماما نورة,Personal,Expenses,Direct,Fun & Vacation,Food,Saudi Arabia
شركة مطعم البيت,شركة مطعم البيت,Personal,Expenses,Direct,Fun & Vacation,Food,Saudi Arabia
شركة مطعم الشعل,شركة مطعم الشعل,Personal,Expenses,Direct,Fun & Vacation,Food,Saudi Arabia
شركة نصف مليون,شركة نصف مليون,Personal,Expenses,Direct,Fun & Vacation,Coffee Shop,Saudi Arabia
متجر نخيل روه,متجر نخيل روه 3Nakheel RUH 3 S CITY:0000682016SAM RIYADH MADA ***9149 VAT CHRG:     0.00 Charges:              0.00,Personal,Expenses,Direct,Clothing,,Saudi Arabia
مؤسسة افاق العا,مؤسسة افاق العا,Personal,Expenses,Direct,Groceries,,Saudi Arabia
مؤسسة أنور صالح,مؤسسة أنور صالح,Personal,Expenses,Direct,Groceries,,Saudi Arabia
مؤسسة خياراتي,مؤسسة خياراتي ,Personal,Expenses,Direct,Groceries,,Saudi Arabia
وقت العصير,وقت العصير,Personal,Expenses,Direct,Fun & Vacation,Food,Saudi Arabia
